date,actual,n_train,Naive: last value,Naive: 3m avg,Naive: 12m avg,OLS,Ridge(1.0),Ridge(10),ElasticNetCV,"RF(300,d6)","GBM(200,d3)","XGB(300,d4)"
2015-02-01,259.0,60,204.0,256.6666666666667,250.58333333333334,-32.872231865912255,112.88339130673997,187.52081626550276,217.99771006444857,213.22614756229015,196.69659879999787,195.75136
2015-03-01,96.0,61,259.0,246.0,259.5833333333333,-22.679584448262972,118.92005638299653,210.64980285264403,232.55018359139711,236.4740409275905,244.01816465272788,227.49435
2015-04-01,273.0,62,96.0,186.33333333333334,244.83333333333334,238.74799065172232,151.24650676253103,175.1149843040546,195.82801523508448,182.9753553424571,151.97399243948524,184.84286
2015-05-01,342.0,63,273.0,209.33333333333334,241.5,539.6026898844771,249.66825993563396,212.68832906904015,226.93695153780538,195.8270834562398,199.29600265613894,200.36197
2015-06-01,171.0,64,342.0,237.0,252.08333333333334,260.7745305017397,314.4654973166557,330.4980896792088,264.23719253320303,251.5167131947351,272.92461250695067,253.55586
2015-07-01,282.0,65,171.0,262.0,238.33333333333334,161.08052044312313,245.722091934656,225.94148940289818,226.058782984131,212.21001447868758,228.08565646423853,211.80638
2015-08-01,134.0,66,282.0,265.0,243.25,396.0340903488901,283.58930240823474,259.1786326101927,240.25010813499063,246.78266130733002,245.257455380565,271.31085
2015-09-01,150.0,67,134.0,195.66666666666666,238.0,243.66124807638369,174.4876025109249,198.50013565968214,213.12661067828103,213.2360662078603,229.88388581062756,221.67374
2015-10-01,304.0,68,150.0,188.66666666666666,226.0,388.56058417405256,344.82618573858343,256.36902339146866,210.92841418941268,213.5159310913654,246.47278686957813,257.67584
2015-11-01,229.0,69,304.0,196.0,231.75,-63.160695088937274,132.73310002701658,187.4293290595032,225.59122297240518,219.08323652442695,200.7162197498927,249.89864
2015-12-01,269.0,70,229.0,227.66666666666666,226.58333333333334,92.44654735512786,220.2434502542452,235.6530195040624,233.2124054846427,215.47458970086257,233.347913351239,187.59749
2016-01-01,133.0,71,269.0,267.3333333333333,226.08333333333334,168.50066204681985,137.52061429892748,154.43341972396973,203.48960128283014,208.22849682178366,235.07627628271584,222.97194
2016-02-01,196.0,72,133.0,210.33333333333334,220.16666666666666,275.0409048147977,216.02819901978782,157.59294327010105,158.33073347019132,191.19203597136018,151.71531643736145,170.03877
2016-03-01,256.0,73,196.0,199.33333333333334,214.91666666666666,160.28792949401665,228.92241787503625,213.65103045781024,207.0741662501399,212.89421944798934,236.78995330484713,239.73515
2016-04-01,192.0,74,256.0,195.0,228.25,188.84566990828077,165.5485469150418,165.9721238983075,158.88283992911624,213.45261200756704,190.55999797397294,222.35274
2016-05-01,46.0,75,192.0,214.66666666666666,221.5,264.80956775121075,300.8862568397224,241.10023258022875,240.33087020546725,239.56791084945021,270.79012370800615,240.34659
2016-06-01,247.0,76,46.0,164.66666666666666,196.83333333333334,-59.24285440291945,53.814298849868834,62.49415278286659,130.11103798699966,170.9243413844745,133.41808541995894,157.80023
2016-07-01,373.0,77,247.0,161.66666666666666,203.16666666666666,287.5463138030483,310.56758151463475,251.9741567340949,213.84221967887422,224.59407873820462,269.35773747546205,226.12108
2016-08-01,141.0,78,373.0,222.0,210.75,248.59785967966957,235.22779140852143,225.8220092349302,226.41019377148615,239.06211854963786,199.7942240517171,191.81334
2016-09-01,306.0,79,141.0,253.66666666666666,211.33333333333334,129.08900897213732,157.3392362657588,168.95009733013688,206.52712839443748,234.23780023053715,239.99750251813708,223.87997
2016-10-01,98.0,80,306.0,273.3333333333333,224.33333333333334,204.51029739210804,228.23310018791003,223.8645460734345,225.8978462604059,157.64424727648165,80.23982283494605,165.45552
2016-11-01,118.0,81,98.0,181.66666666666666,207.16666666666666,105.51718315266777,304.2967424436689,304.3190890730459,238.41824733183353,251.009090344761,284.0690242814704,258.54807
2016-12-01,225.0,82,118.0,174.0,197.91666666666666,-198.82406637764205,-6.62128387287305,140.72202227195282,207.49080373163756,192.8235181173515,198.72712074177008,169.85335
2017-01-01,220.0,83,225.0,147.0,194.25,143.33537022577644,192.51184744697525,238.97671214517544,227.9377312288646,212.9989600834903,170.75554679719124,244.53493
2017-02-01,218.0,84,220.0,187.66666666666666,201.5,306.0494340117885,302.44016830596144,294.2748604918855,234.03911877988614,203.76042459464395,254.7308006864576,233.32495
2017-03-01,124.0,85,218.0,221.0,203.33333333333334,462.01524684977176,334.92841911587243,273.9811557660172,227.5203509336205,197.85518489493296,260.48139204748577,219.02196
2017-04-01,205.0,86,124.0,187.33333333333334,192.33333333333334,255.62458861449932,199.6645456834808,218.2357393552972,209.09549975746756,233.72279250672597,258.03332183560053,242.96887
2017-05-01,205.0,87,205.0,182.33333333333334,193.41666666666666,134.6294988379602,137.14536731411442,178.35669510076065,210.80066811896594,196.92098437762246,223.69493113532442,214.34897
2017-06-01,203.0,88,205.0,178.0,206.66666666666666,-39.48906897364705,6.875822443477375,127.01282593957791,209.9498275497222,217.28427431904038,206.05592867369344,202.75104
2017-07-01,189.0,89,203.0,204.33333333333334,203.0,179.59827463887663,114.4312278542547,152.1970583774009,210.2486691370288,195.26190328675415,197.05568972495792,195.32724
2017-08-01,147.0,90,189.0,199.0,187.66666666666666,158.94414913566226,138.0271576882871,152.87124996856184,205.59334550904524,208.82190110142,225.65557437582515,224.99857
2017-09-01,89.0,91,147.0,179.66666666666666,188.16666666666666,250.03155785741902,261.54618233266433,258.70759576524745,209.4576994330782,215.63571701892045,176.87836780063674,235.39426
2017-10-01,141.0,92,89.0,141.66666666666666,170.08333333333334,67.79216695493601,94.5935942482161,143.43129882235885,195.75484004209613,181.36785178453732,124.82335510925574,156.23654
2017-11-01,223.0,93,141.0,125.66666666666667,173.66666666666666,167.94138491298028,195.8109098882315,186.46293352059473,195.74392227130653,193.4186981824237,198.1975127349127,176.04762
2017-12-01,151.0,94,223.0,151.0,182.41666666666666,212.34282366749505,236.31144037373565,253.30655904894203,206.42086024591052,219.92089779170905,220.0469934655506,251.97649
2018-01-01,137.0,95,151.0,171.66666666666666,176.25,189.55707313231812,70.32473224349197,128.4876235316994,197.38075808356834,201.59658372918062,240.2247005895074,204.63094
2018-02-01,394.0,96,137.0,170.33333333333334,169.33333333333334,76.34971925966515,106.27911417923235,147.3679193038313,192.79086202946476,184.91258580834284,176.0215832183767,189.89998
2018-03-01,226.0,97,394.0,227.33333333333334,184.0,187.10693000303866,155.37756477007292,190.24862381500384,202.77715474646294,225.69265742633502,216.07357498735266,216.50784
2018-04-01,140.0,98,226.0,252.33333333333334,192.5,131.00665180080986,107.69993345072135,161.48256603685633,205.00259804920745,229.98593580597998,207.95518868762926,200.94998
2018-05-01,322.0,99,140.0,253.33333333333334,187.08333333333334,160.3053844737583,99.42619574954261,134.90066288734766,195.2676311567785,206.1010796659494,185.70875190091664,163.9293
2018-06-01,218.0,100,322.0,229.33333333333334,196.83333333333334,351.2089939804458,267.0369971735239,253.6016337755836,209.37999974112807,220.59276165517818,183.06835398797222,214.62854
2018-07-01,60.0,101,218.0,226.66666666666666,198.08333333333334,320.115484079408,231.99246126173966,205.6595826456668,208.13400559825203,241.19029439621764,260.7191414248313,198.62177
2018-08-01,257.0,102,60.0,200.0,187.33333333333334,162.73910486878822,153.39282256948815,149.91487944506747,198.50807257946235,231.74728372674056,202.6974688955696,181.03676
2018-09-01,81.0,103,257.0,178.33333333333334,196.5,138.4171557464877,161.28751459333148,191.03869548822883,203.69151964077884,239.06114793043045,205.05630775784746,192.05771
2018-10-01,169.0,104,81.0,132.66666666666666,195.83333333333334,28.690205929052468,25.349789479656124,90.27891397655989,194.0753110331529,191.58723761210993,136.7260083348542,166.70001
2018-11-01,90.0,105,169.0,169.0,198.16666666666666,89.79678910917157,98.6966389465448,134.91468922150736,195.01504467367272,196.8062079656478,181.777711414811,189.91864
2018-12-01,192.0,106,90.0,113.33333333333333,187.08333333333334,21.692605913673788,57.47879039585973,87.34261758383785,188.73432519123259,172.04205839624413,144.12715073641053,165.37991
2019-01-01,251.0,107,192.0,150.33333333333334,190.5,88.48265824820224,66.93516629263839,89.94046387182782,189.957054325278,199.32992204448294,185.0847333682131,191.53773
2019-02-01,7.0,108,251.0,177.66666666666666,200.0,154.55050495558936,121.83282836088055,137.3106795482903,195.0537582706519,204.82977468375296,211.06894643697913,199.52272
2019-03-01,228.0,109,7.0,150.0,167.75,-8.551830171091126,32.65081375569804,50.30903222767006,186.3432314344911,162.56906493759192,132.0231037860396,158.01231
2019-04-01,296.0,110,228.0,162.0,167.91666666666666,304.7749897153024,219.65582834900727,178.26034175342554,187.9629350104455,162.97427192722432,175.52192302681289,197.67586
2019-05-01,27.0,111,296.0,177.0,180.91666666666666,295.3136210553922,254.63280583014347,207.01707740531063,190.5718911018395,170.1743139407384,184.77920015350495,171.7808
2019-06-01,220.0,112,27.0,183.66666666666666,156.33333333333334,141.9733758956267,85.62099287745106,107.99545582168386,185.85714285714286,191.40436110776494,195.82529409817408,177.9909
2019-07-01,99.0,113,220.0,181.0,156.5,253.09569278936783,165.7479872241125,145.609003976866,187.26869666842592,139.33687374840028,182.04268971572105,148.241
2019-08-01,232.0,114,99.0,115.33333333333333,159.75,283.6997684531395,302.1908442269925,248.465136596652,185.90244019040588,151.58636357829275,141.8446390952006,142.44028
2019-09-01,196.0,115,232.0,183.66666666666666,157.66666666666666,213.19870745922168,182.94471139525365,160.98736004326915,186.7144664712217,164.69560791310198,170.51501560859114,189.58177
2019-10-01,95.0,116,196.0,175.66666666666666,167.25,152.0283920583516,194.6214294338674,164.6056914937816,187.3052658631063,178.8364153695952,172.24700860396905,201.73775
2019-11-01,207.0,117,95.0,174.33333333333334,161.08333333333334,-5.86205135045563,113.5232592005931,140.31851155810244,185.11111111111111,179.0782607994282,194.40552282128903,178.09673
2019-12-01,127.0,118,207.0,166.0,170.83333333333334,126.11159580131607,151.74474956619804,156.1725216486004,185.65101242419126,176.60681044262373,132.89230901406847,177.62134
2020-01-01,237.0,119,127.0,143.0,165.41666666666666,206.37673610454098,238.0892395759821,229.62998523816532,184.7360584232152,177.30932788614632,128.31126967206015,144.69768
2020-02-01,262.0,120,237.0,190.33333333333334,164.25,240.9912785463128,235.2584288310808,217.51212501312025,185.38898782334817,188.17689147205016,178.16564788491436,176.16861
2020-03-01,-1398.0,121,262.0,208.66666666666666,185.5,-407.7039332259343,970.8646906658241,1653.4771458225416,185.87603305785123,139.4894131506994,197.80514909317128,203.47667
2020-04-01,-20469.0,121,262.0,208.66666666666666,185.5,-20021.17982786957,-15294.343429374068,-9296.654924729975,185.87603305785123,146.88127409786065,249.93574447780404,266.81607
2020-05-01,2614.0,121,262.0,208.66666666666666,185.5,7485.25626489209,2223.649323554649,2740.1144688287395,185.87603305785123,189.3693247597592,428.64060841414266,314.55823
2020-06-01,4631.0,121,262.0,208.66666666666666,185.5,3844.4621834853256,1791.4737431420922,2006.399056966654,185.87603305785123,186.1210733152732,385.982394869693,310.2532
2020-07-01,1584.0,121,262.0,208.66666666666666,185.5,2191.358778187025,471.73935325219963,1051.3390633838603,185.87603305785123,197.44074064663337,319.49205601164357,278.19894
2020-08-01,1566.0,121,262.0,208.66666666666666,185.5,4339.673791674838,1072.9738887667954,421.76891062728885,185.87603305785123,167.3251356726829,244.05779704806932,291.14514
2020-09-01,949.0,121,262.0,208.66666666666666,185.5,4160.614313513701,1587.2416098015863,864.2201774294969,185.87603305785123,158.99525592644952,149.56901921815168,220.20708
2020-10-01,690.0,121,262.0,208.66666666666666,185.5,3659.4666084597498,2047.0567953138857,1630.2673361888117,185.87603305785123,174.54994151440474,122.37130216043985,250.48242
2020-11-01,273.0,121,262.0,208.66666666666666,185.5,343.98839552908703,-1491.6950035599762,-575.8535929205364,185.87603305785123,166.8186780407822,240.48249895317693,258.22845
2020-12-01,-185.0,121,262.0,208.66666666666666,185.5,282.27193215129876,-1205.612856366581,-327.2887244268296,185.87603305785123,168.46666623054608,227.59906173750048,259.1369
2021-01-01,315.0,121,262.0,208.66666666666666,185.5,639.7650204298726,-655.181123036607,24.767497670887053,185.87603305785123,162.3773613340512,213.10167657674347,279.6236
2021-02-01,517.0,122,315.0,271.3333333333333,192.75,211.3430446133149,94.56634152826003,189.23761984765412,186.9344262295082,214.39071243466884,208.13031636168697,262.1541
2021-03-01,852.0,123,517.0,364.6666666666667,211.16666666666666,764.4310001151657,498.5799402962934,416.17773842116924,191.50574429728988,316.95086635534574,335.7315161532456,377.2833
2021-04-01,355.0,124,852.0,561.3333333333334,279.9166666666667,1028.901170429217,1054.3279641462757,767.2049157381905,194.95967741935485,512.146141457317,544.9119510990424,528.2766
2021-05-01,478.0,125,355.0,574.6666666666666,291.1666666666667,-2.86182337957797,-63.535572616269036,283.4057719097479,196.24,273.3206211415339,223.83127636319537,327.1576
2021-06-01,755.0,126,478.0,561.6666666666666,322.75,-568.0354910422275,244.7268026494587,295.8952041620815,249.6558983976551,334.5731356095945,488.4768331797641,441.44943
2021-07-01,942.0,127,755.0,529.3333333333334,366.3333333333333,649.6816684238263,1092.1225861339465,885.5051031462477,395.1119283558843,475.7623871992637,529.9871688917685,592.6118
2021-08-01,552.0,128,942.0,725.0,428.5,437.99525336518025,670.3758876748536,674.0662824189635,508.0161539825798,625.7862498534705,664.2796035487373,667.33856
2021-09-01,457.0,129,552.0,749.6666666666666,466.5833333333333,623.6847374450485,632.7996133612078,587.7718437483738,490.3766742500079,614.0746351939887,530.1242951582863,594.9813
2021-10-01,801.0,130,457.0,650.3333333333334,487.4166666666667,799.6034434114341,616.7383476176144,575.3023500685466,508.33805298407435,619.479095146871,576.4686433370879,607.83966
2021-11-01,658.0,131,801.0,603.3333333333334,543.5833333333334,992.5648879776841,880.4635897212078,864.4796208680867,621.1709655151129,685.6353333333334,818.8724027756076,689.317
2021-12-01,586.0,132,658.0,638.6666666666666,578.6666666666666,714.8391377594248,613.9047808094133,639.6242741328135,596.24822613173,620.152,567.7078832088786,600.0214
2022-01-01,190.0,133,586.0,681.6666666666666,605.6666666666666,476.93184709644606,532.7456382776495,523.6316975099694,522.562387593336,576.8233333333334,458.8843128645,502.587
2022-02-01,819.0,134,190.0,478.0,595.25,475.84816519332594,477.7384948359729,476.5603845537585,457.533476348883,408.3854391362581,251.67344917385813,350.11804
2022-03-01,490.0,135,819.0,531.6666666666666,620.4166666666666,518.4339561455345,601.6024375354657,635.0091499711029,586.1542896530298,522.299394945863,504.4243942926657,541.48566
2022-04-01,308.0,136,490.0,499.6666666666667,590.25,855.7060566579021,679.4064993719005,611.9011846504135,550.4410273092328,419.53936432359626,427.8525578547928,488.61636
2022-05-01,301.0,137,308.0,539.0,586.3333333333334,448.8334293150264,422.4631229069731,424.2822114751692,442.7896764708387,297.9828482794184,279.42336787307374,330.76483
2022-06-01,434.0,138,301.0,366.3333333333333,571.5833333333334,251.06886789751627,312.50684623967305,307.82697065446365,335.4005232581433,254.43815082509755,304.7579678900848,241.88148
2022-07-01,714.0,139,434.0,347.6666666666667,544.8333333333334,315.6831694366824,354.439302369211,361.15991994510273,359.77414157481644,307.3213598336335,371.23206804649425,306.13684
2022-08-01,290.0,140,714.0,483.0,525.8333333333334,319.1574788864353,299.89490368118004,328.80772556086106,380.5128761913204,555.6743286983299,482.09048718664445,543.4829
2022-09-01,220.0,141,290.0,479.3333333333333,504.0,338.33541549589614,267.4484382056196,258.2489213003782,309.4695431472596,514.7180579745923,614.7768729395202,542.6043
2022-10-01,357.0,142,220.0,408.0,484.25,333.7514948576959,228.79542558036337,205.3093078753589,243.42545191538315,341.9043074210685,259.2393661405242,282.96646
2022-11-01,303.0,143,357.0,289.0,447.25,457.6661692556971,322.7910943656817,286.0468952120464,284.5299854776711,331.78688467275305,371.04523000917266,297.48535
2022-12-01,100.0,144,303.0,293.3333333333333,417.6666666666667,354.1715744318784,247.11120462564156,219.2605153976683,231.98525402659556,269.0904773942204,292.5862528733792,266.93637
2023-01-01,434.0,145,100.0,253.33333333333334,377.1666666666667,358.4510002034299,213.31344439122978,162.64273172920556,174.86023485436155,212.29933953455827,151.3810604443068,170.86623
2023-02-01,290.0,146,434.0,279.0,397.5,399.6808995061029,253.57973615598968,183.69814770994122,188.34043106877428,243.77734571616165,277.4071867709163,233.70331
2023-03-01,68.0,147,290.0,274.6666666666667,353.4166666666667,340.9095522299834,263.8193498877226,237.5612696959173,243.14779870033067,269.99589874932724,426.0172093817002,294.49063
2023-04-01,241.0,148,68.0,264.0,318.25,260.52728534695007,169.112387470275,139.77635735519624,155.00188682951915,212.29255640785402,223.712209548274,257.3211
2023-05-01,280.0,149,241.0,199.66666666666666,312.6666666666667,446.08067141870936,301.6982817848324,241.28695919022647,208.43679896195957,211.17180853431586,232.51375575983715,236.96753
2023-06-01,225.0,150,280.0,196.33333333333334,310.9166666666667,324.88137161642084,320.526512735902,318.1718142758711,258.4445355244738,232.4884628720831,166.4872029765235,192.21805
2023-07-01,163.0,151,225.0,248.66666666666666,293.5,217.88649647261926,197.80629716864252,187.8783136041206,204.8148662077456,232.28130837988675,237.26304185895532,224.61739
2023-08-01,218.0,152,163.0,222.66666666666666,247.58333333333334,127.32135440995161,142.4620093003948,161.62608681393561,192.34992330129563,207.78637364804604,179.08007128601088,197.3649
2023-09-01,156.0,153,218.0,202.0,241.58333333333334,247.40313937149512,166.62156349053427,148.58838257088638,175.16217094257115,192.98413815290826,193.21566578507836,184.23769
2023-10-01,159.0,154,156.0,179.0,236.25,285.8088155744661,192.99819869091888,164.77897148524715,176.79572460085149,174.1347307072419,124.90662707214528,156.6773
2023-11-01,127.0,155,159.0,177.66666666666666,219.75,264.27899175880833,220.37885174648667,199.9103217838392,196.44453562224828,176.53965324351205,180.68605048290982,177.80891
2023-12-01,154.0,156,127.0,147.33333333333334,205.08333333333334,244.65558463842768,238.3323059061488,224.88446823367488,214.42173089261075,204.3322618973553,249.8476607057265,213.82736
2024-01-01,175.0,157,154.0,146.66666666666666,209.58333333333334,175.49922769662845,220.5907173177297,199.8801795536237,191.23778028151187,187.40061098848832,163.67357419032567,177.47917
2024-02-01,206.0,158,175.0,152.0,188.0,132.23108916530214,136.98291623613363,134.21048146602988,141.7967907029859,183.25298567724607,180.77788391833278,162.57089
2024-03-01,228.0,159,206.0,178.33333333333334,181.0,134.10931238620236,151.35498671591523,153.0095291501568,160.41799643437167,181.3753656151964,158.3329643816874,174.60713
2024-04-01,64.0,160,228.0,203.0,194.33333333333334,76.34139160507081,103.14293020630447,116.57293590914044,152.9027541734522,178.85240671852117,146.2135693893617,140.79031
2024-05-01,78.0,161,64.0,166.0,179.58333333333334,188.3922958789252,194.68157473803393,184.18908218567427,182.56982006891627,177.88248463635753,132.23774263346573,171.48251
2024-06-01,87.0,162,78.0,123.33333333333333,162.75,151.30704692898712,160.6190045981918,141.49732620598004,140.6102139960039,181.5156662158598,176.60555900419186,188.06297
2024-07-01,53.0,163,87.0,76.33333333333333,151.25,150.21034740941568,208.9034540166111,198.83075787208963,185.4411230603141,162.22140215425682,157.27285622661077,138.5924
2024-08-01,9.0,164,53.0,72.66666666666667,142.08333333333334,143.57238517712466,179.20011751070953,154.6701123737289,139.47132736345242,141.0801955802846,88.40817515342829,53.40398
2024-09-01,155.0,165,9.0,49.666666666666664,124.66666666666667,133.1271541205193,161.18758315112666,139.4868045857749,123.80356537664457,135.66143820754084,73.67958582401653,126.90832
2024-10-01,33.0,166,155.0,72.33333333333333,124.58333333333333,98.59281141448176,158.2037427823075,161.85312960904452,139.52832654976243,144.96511514302262,79.3700375244235,127.81424
2024-11-01,134.0,167,33.0,65.66666666666667,114.08333333333333,210.1578991882356,190.3787054737388,174.621781786182,157.3914548392922,102.131725504701,72.77611739502657,80.794464
2024-12-01,237.0,168,134.0,107.33333333333333,114.66666666666667,154.48675915106742,192.19784176115806,167.45335214319792,154.07803844427582,130.84352813969642,219.9438531951771,155.829
2025-01-01,-48.0,169,237.0,134.66666666666666,121.58333333333333,132.28573964228605,163.54816203034449,183.20345678202537,186.53159845284665,144.33279262619786,128.52807695469244,131.00015
2025-02-01,42.0,170,-48.0,107.66666666666667,103.0,107.3925867797098,105.35540658872448,103.81278971296007,107.66198870445186,96.61288568121728,37.64768682029797,91.68372
2025-03-01,67.0,171,42.0,77.0,89.33333333333333,158.4929773430867,169.28090948526528,171.8741045506291,165.52182961340665,95.44238113706345,58.15142596923348,89.70499
2025-04-01,108.0,172,67.0,20.333333333333332,75.91666666666667,106.70066259033229,108.41032279374225,135.02567491487255,134.85367990143402,112.95819155976501,46.60633815776973,109.59545
2025-05-01,13.0,173,108.0,72.33333333333333,79.58333333333333,5.792874378716135,30.83121002287217,80.82937393345267,107.24425829539064,92.94860585761695,82.66937582499472,69.42436
2025-06-01,-20.0,174,13.0,62.666666666666664,74.16666666666667,75.76767624179442,125.67222979016735,135.04530964961359,131.83850095613371,89.13758758422158,289.36040946397736,164.08658
2025-07-01,64.0,175,-20.0,33.666666666666664,65.25,174.48285982468323,162.4726067758919,132.4759146631992,118.00287664579658,95.4652722894759,96.30181073970553,101.838554
2025-08-01,-70.0,176,64.0,19.0,66.16666666666667,191.46700599302332,197.25456187225797,186.29181154322086,172.53346099582404,68.02878352305396,39.349535175583156,73.80689
2025-09-01,76.0,177,-70.0,-8.666666666666666,59.583333333333336,38.10258065203695,71.20224279130551,87.61073107021096,98.35995345091557,21.96844958612886,12.409197529848868,32.082325
2025-10-01,-140.0,178,76.0,23.333333333333332,53.0,40.75848744025629,45.52121404864741,53.042653742329634,75.88936914231874,28.52768973712373,75.6852351715264,32.26294
2025-12-01,-17.0,179,-140.0,-44.666666666666664,38.583333333333336,33.03562331952938,29.969663763913047,55.038400081038105,82.42153169469194,14.043740935731218,-55.46258146151292,-17.554165
2026-01-01,160.0,180,-17.0,-27.0,26.0,99.59372470105129,54.001226009265366,62.15474167136938,74.07334152722248,36.77456739649165,37.78844174981803,91.37777
2026-02-01,-156.0,181,160.0,1.0,19.583333333333332,43.7271974529757,97.71435468243898,92.15417195110174,92.04008000518492,15.319085739774385,-13.034054113534001,-6.8104215
2026-03-01,214.0,182,-156.0,-4.333333333333333,10.583333333333334,126.2335491747309,126.82225697099256,89.93812848927531,87.62533272102095,66.5703004792023,106.79577127921893,53.414295
2026-04-01,148.0,183,214.0,72.66666666666667,24.916666666666668,141.7449851045859,184.58808844144576,163.55103474910558,123.82067232899983,70.58154620184128,-53.211167353928765,4.1124187
2026-05-01,129.0,184,148.0,68.66666666666667,31.666666666666668,89.77476034777997,110.6634498209793,97.49854419432782,102.72195577135975,121.00950894683781,79.4491658245163,81.45942
2026-06-01,57.0,185,129.0,163.66666666666666,33.416666666666664,1.4501376453497414,32.65357136252189,33.366123307897084,76.54881848511081,40.114527535233876,86.18618840857786,52.62772
