sector,pred_k,rmse_k,avg_share_pct
MANEMP,15.900479937141654,10.344841047529243,7.8
USCONS,-4.164922611422142,14.511535309718582,5.2
USTPU,21.42734793340375,26.8716367951726,18.099999999999998
USINFO,-10.342642249071794,6.2882984658532415,1.7000000000000002
USFIRE,-3.4839203824342775,10.211837973739872,5.7
USPBS,27.17197260657298,17.92951006413946,14.2
USEHS,54.029004997286506,28.801932748869017,17.599999999999998
USLAH,-9.662553500458188,22.91118838312176,10.7
USMINE,2.2167499765900875,3.068768084126078,0.4
USSERV,6.662010686826284,7.507295738773607,3.8
USGOVT,13.925190642708065,43.35712103386006,14.7
